bins,alert,Eureka,CB
1,1.5843547029664385e-17,2.3716544115658797e-17,4.733343878862706e-17
2,1.5348364625989222e-17,2.3955808057651156e-17,4.696776061997865e-17
3,1.511662323532871e-17,2.3925056659435118e-17,4.629173112717655e-17
4,1.572205305306641e-17,2.3688575086309312e-17,4.487454148931203e-17
5,1.5643734445347503e-17,2.2901041836238118e-17,4.3935511034876035e-17
6,1.5410571875366933e-17,2.3412948450471376e-17,4.491191787012184e-17
7,1.5009838149736972e-17,2.3084205993256782e-17,4.383551564512978e-17
8,1.5207099950641235e-17,2.271932810346197e-17,4.331462668816233e-17
9,1.516565980765744e-17,2.22226600514637e-17,4.2283747499899386e-17
10,1.510334152027802e-17,2.1705809627459164e-17,4.2353739167569357e-17
11,1.471560391588453e-17,2.150448781112341e-17,4.139553346424463e-17
12,1.4934317603670226e-17,2.12233105739007e-17,4.16981602573141e-17
13,1.4662264005921644e-17,2.1380416763850528e-17,4.071402889098409e-17
14,1.4862200537575295e-17,2.0958618953976357e-17,4.10209844113607e-17
15,1.464066055134952e-17,2.0557604438458527e-17,4.009654034804744e-17
16,1.481305292724486e-17,2.070941472927246e-17,3.997602412326995e-17
17,1.4451135743262512e-17,2.0667769828289913e-17,3.9465249652981267e-17
18,1.4414927930212622e-17,2.0549330092493186e-17,3.991808571399136e-17
19,1.450281423716858e-17,2.0422326407493893e-17,3.9573039826296116e-17
20,1.469137399599113e-17,2.043066755297654e-17,3.911240898171742e-17
21,1.4818732719037997e-17,2.011542854134588e-17,3.901838922931722e-17
22,1.4528693507509865e-17,2.0528934739725422e-17,3.84484327473067e-17
23,1.4590533580025737e-17,2.0159837957160754e-17,3.854338542323699e-17
24,1.4423459339125288e-17,2.006292130346532e-17,3.961777862403204e-17
25,1.4513421361331965e-17,2.0208170423315078e-17,3.830874127364048e-17
26,1.4523036903548588e-17,1.9949249223469997e-17,3.891678812296962e-17
27,1.4552098769483186e-17,2.0112135420448376e-17,3.948674460498014e-17
28,1.464656195467387e-17,2.0385968171193758e-17,3.924777172807647e-17
29,1.448586046635947e-17,2.0141349198893326e-17,3.849317154504262e-17
30,1.4347848612331074e-17,2.0068434859483316e-17,3.936421935600565e-17
31,1.4700970273019353e-17,2.026078738557799e-17,3.942215776528424e-17
32,1.4572211793229678e-17,2.0403740043535567e-17,4.0086133999694964e-17
33,1.4443767989199416e-17,2.0199970907942848e-17,3.911240898171742e-17
34,1.453391124586062e-17,2.0258052254966412e-17,3.96126656577317e-17
35,1.4784828014863597e-17,2.0298882301601762e-17,3.892343655338693e-17
36,1.4581053154466564e-17,2.0600815374763327e-17,3.9648144460266437e-17
37,1.450485924378055e-17,2.047483364537445e-17,3.989716157136447e-17
38,1.479436099838076e-17,2.004748330831224e-17,3.968004576061779e-17
39,1.4535649248571123e-17,2.0262224505185335e-17,3.9540354286951575e-17
40,1.4397123320863264e-17,2.084406774465961e-17,3.949446913606436e-17
41,1.452648244011298e-17,2.0156855785446324e-17,3.898137496266552e-17
42,1.4585764295579205e-17,2.0172197966791124e-17,4.046819415404191e-17
43,1.4678188727359e-17,2.0356482055040872e-17,3.9557520511643306e-17
44,1.433281588401371e-17,2.0612818988838265e-17,4.041025574476332e-17
45,1.4542491962076312e-17,2.061076548043328e-17,3.989716157136447e-17
46,1.4657803530703298e-17,2.0573692520019923e-17,4.1659183667303034e-17
47,1.42179834779297e-17,2.083215563100302e-17,4.057412398769667e-17
48,1.4639340956135176e-17,2.050776373978963e-17,4.23862112772927e-17
49,1.4796809959466764e-17,2.0546761292893067e-17,4.18315606803138e-17
50,1.4535617481273993e-17,2.089702132264046e-17,4.2574970276001994e-17
51,1.4636748584375207e-17,2.0574755608612775e-17,4.26785804065466e-17
52,1.4658153067769257e-17,2.1140124986749472e-17,4.3526986912359456e-17
53,1.4861342699165618e-17,2.0603873573249444e-17,4.359157375205536e-17
54,1.481975170913863e-17,2.0915161346498487e-17,4.266301439105613e-17
55,1.477648471147168e-17,2.0703946031121883e-17,4.535438008698712e-17
56,1.475349359334778e-17,2.1052254245770842e-17,4.73867008164014e-17
57,1.4951961302411832e-17,2.1113027428611154e-17,4.447149244725391e-17
58,1.4757302457769558e-17,2.109039617427533e-17,4.657047378564539e-17
59,1.511244389212907e-17,2.1014215566446393e-17,4.886816188064136e-17
60,1.500897586774637e-17,2.1041146793573246e-17,4.588046044230743e-17
61,1.4879275028875303e-17,2.0860328262505005e-17,4.7498819717023413e-17
62,1.4738196750649013e-17,2.1399500927700435e-17,4.957197737610886e-17
63,1.5015256002361838e-17,2.166055046654361e-17,4.846656909765491e-17
64,1.5300311547805992e-17,2.1082225673194066e-17,4.858387939662978e-17
65,1.5022585695854616e-17,2.1071504370702434e-17,5.1199927028969255e-17
66,1.5024751742883856e-17,2.1211126492465956e-17,5.1317617486348896e-17
67,1.4998808432363165e-17,2.1636626707736278e-17,5.117431677928441e-17
68,1.4893960180797917e-17,2.115838061448813e-17,5.150637648505818e-17
69,1.4886032319695942e-17,2.1399416499923165e-17,5.1024534370586186e-17
70,1.5208033770329477e-17,2.1671246472430154e-17,5.0783241790572363e-17
71,1.4977564859576867e-17,2.1467471457339156e-17,4.8930595746010663e-17
72,1.500974934212987e-17,2.124906095697654e-17,5.24653016822918e-17
73,1.4956754722369667e-17,2.0918282256886243e-17,5.0680351153936663e-17
74,1.4998277464125033e-17,2.1968921075712914e-17,5.072963210860093e-17
75,1.525568803172582e-17,2.1541484149061043e-17,5.1509842541319636e-17
76,1.520295299832844e-17,2.16992954689757e-17,5.45393455640697e-17
77,1.517945888438246e-17,2.1573658386380568e-17,5.373914391225421e-17
78,1.5264964056075496e-17,2.1493233589176683e-17,5.4588626518733976e-17
79,1.5110000236564712e-17,2.1466989863754702e-17,5.21972760510886e-17
80,1.5279277290917643e-17,2.225281365651061e-17,5.5360541610996465e-17
81,1.5070743881627145e-17,2.2026532215183027e-17,5.5281108249719e-17
82,1.531921570091868e-17,2.2433213305896035e-17,5.277949922111169e-17
83,1.5295212031554013e-17,2.2039231362038644e-17,5.761798636434724e-17
84,1.5664035463635805e-17,2.24946798699395e-17,5.58996261924849e-17
85,1.5439940123044422e-17,2.2693442709633556e-17,5.7422532234383e-17
86,1.5490493022671247e-17,2.3122477207405954e-17,5.679824657649213e-17
87,1.5517299197269006e-17,2.2876084140085328e-17,5.534865508138865e-17
88,1.5641754386522267e-17,2.31191466712119e-17,5.829486957563413e-17
89,1.57917134250684e-17,2.3149576557426888e-17,5.64896441460766e-17
90,1.555980420836836e-17,2.2973488266863495e-17,5.947462180071195e-17
91,1.5834289788206613e-17,2.3357116689815686e-17,5.738847795970503e-17
92,1.5747383223319383e-17,2.3150837153134564e-17,5.783698529340798e-17
93,1.5781757266254346e-17,2.324529436168246e-17,6.028000667131217e-17
94,1.5692133899973887e-17,2.3296274545645676e-17,5.911998553487231e-17
95,1.569393233221035e-17,2.2856082235438867e-17,5.863561028766896e-17
96,1.58982500297368e-17,2.355466930123798e-17,6.11980474650442e-17
97,1.6068611525090273e-17,2.347194395452626e-17,6.0067172887035e-17
98,1.5918412703090632e-17,2.3901471804879674e-17,6.234393606641131e-17
99,1.6000701451432053e-17,2.3596304009332326e-17,6.083661959165044e-17
100,1.630443050701022e-17,2.3900307022980264e-17,6.408070529241584e-17
101,1.6042558135436272e-17,2.4313526973077786e-17,6.07160566660353e-17
102,1.6116496283878623e-17,2.462304689049983e-17,6.45813888276725e-17
103,1.6183751922827297e-17,2.4177094353101953e-17,6.319437514806792e-17
104,1.6163770058487056e-17,2.4833560793597474e-17,6.61035753756617e-17
105,1.6510464038001563e-17,2.4492532427720926e-17,6.283835210264821e-17
106,1.660797504872587e-17,2.5110354362912347e-17,6.61394432891621e-17
107,1.6399149468200244e-17,2.55001893531559e-17,6.703560079292238e-17
108,1.66342390484249e-17,2.544836158590441e-17,6.820848565056159e-17
109,1.6645729525094008e-17,2.533569754374632e-17,6.780593372023025e-17
110,1.6899842258033192e-17,2.5685426805616138e-17,7.093564556234777e-17
111,1.6720438385155885e-17,2.5564945320410987e-17,6.961666122705379e-17
112,1.682567141044443e-17,2.5897464417910804e-17,7.082971572869302e-17
113,1.7171220249335984e-17,2.5928438609611886e-17,7.13461327812165e-17
114,1.7211431353183692e-17,2.6202355788134537e-17,7.288231135930966e-17
115,1.7098185155087558e-17,2.5918419912542016e-17,7.343681877915177e-17
116,1.7238509078532083e-17,2.7240802720224916e-17,7.728411653765144e-17
117,1.7448563979349104e-17,2.6829737961604067e-17,7.668711709853115e-17
118,1.7559739145557587e-17,2.7367436091895598e-17,7.903604769855799e-17
119,1.8077735920848592e-17,2.7391684707424314e-17,8.014556309512979e-17
120,1.788972924265421e-17,2.819037026036142e-17,8.441887556671912e-17
121,1.8156685059091128e-17,2.8228363123383726e-17,8.380030274354745e-17
122,1.8370471313285465e-17,2.886590682021212e-17,8.730643766517723e-17
123,1.8235038382529918e-17,2.888013890048335e-17,8.610238904534219e-17
124,1.8295130433136284e-17,2.977474816579645e-17,9.069592139393512e-17
125,1.8533234742842616e-17,2.968519147222501e-17,8.750659250128524e-17
126,1.8729677146982903e-17,3.055255268476568e-17,9.257424243326595e-17
127,1.9117714640136053e-17,3.071172256577382e-17,9.092601520703515e-17
128,1.9283113455483002e-17,3.1486761981405767e-17,9.734663005134259e-17
129,1.935686875956071e-17,3.161759721329039e-17,9.85802764134902e-17
130,1.9498982340359834e-17,3.271752833768418e-17,1.0434855946678256e-16
131,1.9925952590921574e-17,3.302909588401293e-17,1.0146156550552842e-16
132,1.9915820537782376e-17,3.4090260660028794e-17,1.0927068279271979e-16
133,2.0738508042751275e-17,3.375902938064501e-17,1.0971203373254246e-16
134,2.1082667979498497e-17,3.587096152127267e-17,1.155793145069667e-16
135,2.1421417982156465e-17,3.585847810549589e-17,1.162034488081526e-16
136,2.1577529890712965e-17,3.723937073603356e-17,1.2502169966337182e-16
137,2.1949299137480688e-17,3.743651621453473e-17,1.2504928838148743e-16
138,2.2742374780138424e-17,3.9901592581003537e-17,1.383422402821688e-16
139,2.3095351802619042e-17,3.992810634840041e-17,1.4075385006487308e-16
140,2.3860852564096263e-17,4.137149745547103e-17,1.5114610973504527e-16
141,2.4119528029649054e-17,4.274147664901432e-17,1.5357231141627238e-16
142,2.448484096632085e-17,4.4198105339163244e-17,1.6566107341915715e-16
143,2.5165809679249603e-17,4.492620344779056e-17,1.7012451341072435e-16
144,2.625405492720154e-17,4.761549383660788e-17,1.862743446143234e-16
145,2.701393769276653e-17,4.8910224443622646e-17,1.8652040625379008e-16
146,2.829034971194543e-17,5.2207641004515387e-17,2.1029773655360793e-16
147,2.9161643251215953e-17,5.3941632143644785e-17,2.1309882229127166e-16
148,3.093371112113282e-17,5.857518102303852e-17,2.4375958375850995e-16
149,3.182943455327762e-17,6.056104352482328e-17,2.4906745279100476e-16
150,3.3952385070611104e-17,6.520551997755974e-17,2.817662866968357e-16
151,3.5096315761408426e-17,6.714984812595735e-17,2.888343281232803e-16
152,3.854747151971552e-17,7.554919651334148e-17,3.416055694073495e-16
153,4.0297875642924396e-17,7.932933334250588e-17,3.4581961438004406e-16
154,4.468898141410729e-17,8.857585214894909e-17,4.241849181671476e-16
155,4.7491451947738115e-17,9.562181157041909e-17,4.4337996650059564e-16
156,5.471600005098506e-17,1.1085423217149781e-16,5.586527345311648e-16
157,5.993991613324582e-17,1.2306003649813215e-16,5.961548133717743e-16
158,7.354984017595053e-17,1.484796054583744e-16,7.834048086283186e-16
159,8.402945914517088e-17,1.7105411667002469e-16,8.518294791499265e-16
160,1.1046398845117324e-16,2.244878094334428e-16,1.2558181362060105e-15
161,1.4138737088023777e-16,2.7817735148557773e-16,1.4254507966424137e-15
162,2.4940539887991295e-16,4.435380814784771e-16,2.581398680294098e-15
163,5.004496932006689e-16,7.749772922583179e-16,3.484519286702653e-15
164,1.4579258926278664e-15,2.9341116350490446e-15,1.582724950370644e-14
165,3.473109497900782e-15,9.729430060441328e-15,5.73530837116358e-14
166,4.735033138634267e-15,1.0980828022905555e-14,7.713264563985294e-14
167,4.392491549139741e-15,1.1199640076011656e-14,6.399516125639472e-14
168,4.7215480914843735e-15,1.101975335863299e-14,5.2884712910146466e-14
169,4.2648977717688225e-15,1.0813003935371443e-14,4.560359101999298e-14
170,3.846306412716351e-15,1.028216658768115e-14,4.224769285438995e-14
171,3.931951671099551e-15,9.590358095484287e-15,3.830503607772096e-14
172,3.7561113407627235e-15,9.742673221030657e-15,3.5848182679253105e-14
173,3.618527927736923e-15,9.34720181453479e-15,3.226132125625017e-14
174,3.577085471769079e-15,8.816735569031498e-15,3.038327450199212e-14
175,3.4526525767784776e-15,8.727663832204266e-15,2.950831533777253e-14
176,3.4120320447424136e-15,8.355585083950727e-15,2.7644862817304688e-14
177,3.3161974433958302e-15,7.781242330899899e-15,2.6803091383003492e-14
178,3.116502531960025e-15,8.018873344267218e-15,2.5946045994517875e-14
179,3.1590101256787856e-15,7.901962121893181e-15,2.4452136131590875e-14
180,3.229000953037468e-15,7.637307181490064e-15,2.3205979493683137e-14
181,3.3220105013390386e-15,7.340495611891061e-15,2.2711166120171003e-14
182,3.095362919583022e-15,7.1956325514589e-15,2.1028744088320496e-14
183,2.974926107034062e-15,7.246570946115287e-15,2.022457813736986e-14
184,2.8663137588988333e-15,7.0582186791139435e-15,1.9396541146798548e-14
185,2.899520489846883e-15,6.870953453964532e-15,1.8588417576480624e-14
186,2.8077516779347235e-15,6.696844829274379e-15,1.8754299439826398e-14
187,2.696394152622772e-15,6.493572193867412e-15,1.794247435668306e-14
188,2.5778213219630933e-15,6.603711027727834e-15,1.777519033030785e-14
189,2.637490878465432e-15,6.519972189999046e-15,1.6268799418887177e-14
190,2.4916305627595977e-15,6.209486883853362e-15,1.6163246460717403e-14
191,2.523285496492701e-15,6.124241037772268e-15,1.5715969380675213e-14
192,2.4754663139361665e-15,6.174204588877461e-15,1.498379280807059e-14
193,2.527910919258728e-15,5.9163510335918594e-15,1.4807407165655027e-14
194,2.49594668698676e-15,5.690606249438533e-15,1.440865223911944e-14
195,2.342712881646175e-15,5.950198504418338e-15,1.3433405243716904e-14
196,2.3561473899493937e-15,5.383717773408195e-15,1.3204062324129186e-14
197,2.306983533363052e-15,5.7365800596778306e-15,1.3066223358880123e-14
198,2.197398316742443e-15,5.2646430695095854e-15,1.284336032960666e-14
199,2.2183270480401804e-15,5.1758285811462005e-15,1.2109267483034414e-14
200,2.164427089641546e-15,5.221142282163267e-15,1.1774256691809288e-14
201,2.1808633449374014e-15,5.0661683374149394e-15,1.1480138786891873e-14
202,2.1511060446808248e-15,4.944750585157178e-15,1.106180897582805e-14
203,2.0100408163006325e-15,4.663798019332709e-15,1.1227498172425992e-14
204,2.0227162699001236e-15,4.713567186053011e-15,1.098309182846445e-14
205,2.034248256891887e-15,4.731803225890754e-15,1.0255320708535756e-14
206,1.909870447182284e-15,4.647800923810331e-15,1.0214526959833119e-14
207,1.8790964696021285e-15,4.5692415200548375e-15,9.766962020433744e-15
208,1.882319528652638e-15,4.544152375473686e-15,9.557964095487094e-15
209,1.886218727516426e-15,4.329401240289137e-15,9.291704130007239e-15
210,1.8144302925604628e-15,4.237071642031014e-15,9.07940756812442e-15
211,1.7616320339939716e-15,4.100651015369588e-15,8.671955520175162e-15
212,1.7683719839603397e-15,4.166328275762368e-15,8.621646690938969e-15
213,1.7107193349771239e-15,4.044631058178119e-15,8.31686637272032e-15
214,1.708177741686478e-15,3.955045448048988e-15,8.114248330965206e-15
215,1.668124754245718e-15,3.887126684721468e-15,7.855206117212203e-15
216,1.6590394672660794e-15,3.636124055673203e-15,7.461278043078073e-15
217,1.5843017219440045e-15,3.6802891369047e-15,7.437858751533493e-15
218,1.526831120170127e-15,3.719134069643786e-15,7.27560816370411e-15
219,1.5349386582214593e-15,3.574694657990096e-15,7.193501017531414e-15
220,1.567453377061866e-15,3.5312638779949094e-15,7.058974812359023e-15
221,1.4867421928117884e-15,3.504685593371144e-15,6.724994303342406e-15
222,1.4855072942363338e-15,3.3916579285061912e-15,6.770442293812725e-15
223,1.50929559070037e-15,3.3402721776262976e-15,6.3810134779202646e-15
224,1.4023099996521207e-15,3.2365497646018494e-15,6.485637840140251e-15
225,1.3256358025864283e-15,3.1597828990263986e-15,6.2027448267543835e-15
226,1.3660256400625531e-15,3.1678158103914768e-15,5.8418662780841695e-15
227,1.3670009607802317e-15,3.0763013980730263e-15,5.896719748378285e-15
228,1.3294774392738369e-15,3.003938915525917e-15,5.846578541662471e-15
229,1.3179247722858166e-15,2.914107984172947e-15,5.774568880489648e-15
230,1.2524148486824702e-15,3.0064003806969283e-15,5.583116886483109e-15
231,1.2162649325872607e-15,2.917778436537216e-15,5.485738122147296e-15
232,1.1801857982043139e-15,2.8647180145981173e-15,5.284930579698561e-15
233,1.1932684988667006e-15,2.7194480646634826e-15,5.269713141270449e-15
234,1.1891548169844572e-15,2.6813343609557138e-15,5.2208460892447236e-15
235,1.1568731409180614e-15,2.7441210031726833e-15,4.742809675055068e-15
236,1.1505818593486596e-15,2.608280553244042e-15,4.789467586338581e-15
237,1.1273746922699918e-15,2.5434003097075943e-15,4.687701347464227e-15
238,1.1035958822382985e-15,2.5431247078419595e-15,4.612686211497366e-15
239,1.0624013522464276e-15,2.5161508224824312e-15,4.450958277218281e-15
240,1.0598423826458857e-15,2.419563184558396e-15,4.3240789954001466e-15
241,1.0182654909071925e-15,2.391313043138312e-15,4.218526366353212e-15
242,1.000842716038144e-15,2.3921360533031915e-15,4.050184522188735e-15
243,1.0285063785300028e-15,2.3315685524504666e-15,4.082397999736337e-15
244,9.799960118779627e-16,2.306486703679278e-15,3.829699345405878e-15
245,9.512618807145864e-16,2.3178588212453143e-15,4.0169584761551306e-15
246,9.88567642238409e-16,2.1835462488461154e-15,3.810155094201295e-15
247,9.268998771991538e-16,2.137462811525621e-15,3.694210588811586e-15
248,9.37149246949074e-16,2.1628875693784947e-15,3.612803443876767e-15
249,8.888103680902704e-16,2.1094142166351755e-15,3.511671725637405e-15
250,8.82424286493145e-16,2.1039084405174294e-15,3.4380962016009047e-15
251,8.812348288826135e-16,2.0251980958155625e-15,3.3582224103278355e-15
252,8.538694637390352e-16,1.9605482153942437e-15,3.274520977224888e-15
253,8.463615158282607e-16,1.974067945052869e-15,3.217330577503716e-15
254,8.172172121715185e-16,1.9457155236151693e-15,3.159401753460509e-15
255,8.093340607203716e-16,1.8806965289396714e-15,3.1306595679753833e-15
256,8.083716934584492e-16,1.834663416562521e-15,3.0371241028011315e-15
257,7.906207714819971e-16,1.850358084018542e-15,2.9684210868161783e-15
258,7.865890272540713e-16,1.770583101577943e-15,2.8319919334916097e-15
259,7.631677364053867e-16,1.7418740317578023e-15,2.839596637714895e-15
260,7.479402101774091e-16,1.6798571185587706e-15,2.746583223273494e-15
261,7.175373308911451e-16,1.7263537231307186e-15,2.715347154489539e-15
262,7.584335145104094e-16,1.6617222407643539e-15,2.6259637808476873e-15
263,7.092364355375075e-16,1.6697647952954726e-15,2.6256264330198896e-15
264,7.032876685030692e-16,1.6122140397495204e-15,2.497292868685122e-15
265,6.797350236273803e-16,1.5625339665250802e-15,2.47262475679029e-15
266,6.843721083156161e-16,1.506664390151999e-15,2.4763782248242443e-15
267,6.477996192854294e-16,1.502349539279132e-15,2.2987974678097268e-15
268,6.396552899384355e-16,1.4617396037076153e-15,2.253350917409344e-15
269,6.365976160548158e-16,1.4298775384200683e-15,2.2653652666185935e-15
270,5.992351295046241e-16,1.430514219665901e-15,2.175066072190868e-15
271,6.243681707296476e-16,1.4314519546233807e-15,2.1322411349982557e-15
272,6.020826315108162e-16,1.3860395239761148e-15,2.082580647881985e-15
273,6.058488293444933e-16,1.3477515996223636e-15,2.1086021757075333e-15
274,5.840089974474932e-16,1.350017063416441e-15,2.019922373878297e-15
275,5.74003949816099e-16,1.2883984023707129e-15,1.953003538520889e-15
276,5.794299344975828e-16,1.2634648147440315e-15,1.924893708909331e-15
277,5.710801749917674e-16,1.2331554569094614e-15,1.9829017805061967e-15
278,5.578189839440182e-16,1.1998985762521134e-15,1.8781562049090262e-15
279,5.473406366010916e-16,1.194087498573859e-15,1.8182695746517963e-15
280,5.278699187415917e-16,1.1511887557728341e-15,1.7832211852378266e-15
281,5.1696927098983035e-16,1.1525594764910142e-15,1.7526376939597938e-15
282,5.227306488804831e-16,1.1214297653678456e-15,1.6854721531775477e-15
283,4.94155347096313e-16,1.0979121590228709e-15,1.671871149109411e-15
284,4.992827550866913e-16,1.0842411742303069e-15,1.64826069857342e-15
285,4.940812121020759e-16,1.0773079385378859e-15,1.6030007844010377e-15
286,4.842171092528293e-16,1.0544670482571725e-15,1.5316598109330755e-15
287,4.761770410041579e-16,1.0505388781013523e-15,1.5528215095910596e-15
288,4.780887682248256e-16,1.0306503573251532e-15,1.503558379262887e-15
289,4.579090048948114e-16,9.99143465970926e-16,1.46901508159443e-15
290,4.524007261443725e-16,9.855278712940335e-16,1.41877695765541e-15
291,4.458508986278191e-16,9.58243756673128e-16,1.3838302048943542e-15
292,4.321353201755443e-16,9.233475556907206e-16,1.4071662103765091e-15
293,4.297823213044068e-16,9.197573036822706e-16,1.3435432105978613e-15
294,4.102195953718714e-16,9.01001599009927e-16,1.3462685667542385e-15
295,4.0431971400326126e-16,8.926727818051735e-16,1.279001363043916e-15
296,4.0233925834754114e-16,8.863292531746671e-16,1.2522605291498403e-15
297,3.998468824600951e-16,8.785999808177091e-16,1.241412050605531e-15
298,3.8962572108409285e-16,8.795705445652224e-16,1.2223997553274804e-15
299,3.7503615950519255e-16,8.538889744959776e-16,1.1831425895052206e-15
300,3.770034391728777e-16,8.431326351639873e-16,1.152326755026259e-15
301,3.729797690937235e-16,8.226728527239472e-16,1.1164338282052685e-15
302,3.620296547967792e-16,8.153498249495809e-16,1.1143796112649679e-15
303,3.599015830222513e-16,7.885834747306879e-16,1.0941601299097742e-15
304,3.5835030672850236e-16,7.704675546340961e-16,1.0700151345351823e-15
305,3.5242913523632177e-16,7.625261406435381e-16,1.0286656787532322e-15
306,3.3994353664367617e-16,7.574698324579363e-16,1.0139896714313203e-15
307,3.3345316514548675e-16,7.208000290901719e-16,1.0336040021097226e-15
308,3.3312197626174724e-16,7.173624405271487e-16,9.90306621342224e-16
309,3.267656620652756e-16,7.093505281387595e-16,9.888624335742392e-16
310,3.2463020612364186e-16,6.967889942676061e-16,9.47536142433328e-16
311,3.1707383077463596e-16,6.885517863413487e-16,9.382407614479119e-16
312,3.1154572469340416e-16,6.811079577302877e-16,9.120778616186765e-16
313,3.106047501023196e-16,6.551891988114921e-16,9.039381114604034e-16
314,2.943245094718435e-16,6.445098583109447e-16,8.907025042245028e-16
315,3.025699445927208e-16,6.424426446647627e-16,8.747931865501351e-16
316,2.851651417163162e-16,6.292919642364621e-16,8.329744058198363e-16
317,2.8296685474589115e-16,6.25241685339728e-16,8.180818625684594e-16
318,2.8549141706732397e-16,6.125148414067548e-16,8.179178557755906e-16
319,2.7287464817974013e-16,5.923614288123533e-16,7.904962211719576e-16
320,2.7217052962344104e-16,5.901286952658679e-16,7.808092489562658e-16
321,2.631825283970837e-16,5.74299014534721e-16,7.49292603096155e-16
322,2.615007307683187e-16,5.821858707232529e-16,7.266932639322239e-16
323,2.5994820214039583e-16,5.715028732886617e-16,7.299345741930419e-16
324,2.5527382210735297e-16,5.453483502672677e-16,7.173505610962028e-16
325,2.498060874416702e-16,5.273133315784711e-16,7.163261289359208e-16
326,2.4082840102278464e-16,5.356892592970654e-16,6.842611951666384e-16
327,2.390437184862648e-16,5.168721698356297e-16,6.685245014820262e-16
328,2.3740492331482397e-16,5.251248772544619e-16,6.448804594372942e-16
329,2.3439170348167097e-16,4.983247257182681e-16,6.302461416425598e-16
330,2.2405210515492703e-16,4.880495696027269e-16,6.219743338191363e-16
331,2.2380311112484524e-16,4.962735747899954e-16,6.139207457653978e-16
332,2.252081895554037e-16,4.697917948681164e-16,5.981667264079449e-16
333,2.150172923306125e-16,4.64755650407718e-16,5.863697290518777e-16
334,2.1403020417330719e-16,4.649760432582154e-16,5.878242765353786e-16
335,2.0614700540675347e-16,4.4133751211823667e-16,5.781342628075059e-16
336,2.0759755163845055e-16,4.373517292641238e-16,5.564859847220771e-16
337,2.0252553286537365e-16,4.2689400095953164e-16,5.550923362990235e-16
338,1.968215676964331e-16,4.216383609456296e-16,5.273670858039342e-16
339,1.9639194113892613e-16,4.1793301348491337e-16,5.407847698465918e-16
340,1.8971506764342737e-16,4.038871199856658e-16,5.169398274110919e-16
341,1.8993938147968301e-16,3.92276560468724e-16,5.046041988199246e-16
342,1.8547096478365066e-16,3.904190685929607e-16,4.840615069636595e-16
343,1.833435002073988e-16,3.9374900520630297e-16,4.758036574022128e-16
344,1.7602434889151842e-16,3.865402093030344e-16,4.770501322838571e-16
345,1.7303566246908502e-16,3.7463909902252233e-16,4.740120901680634e-16
346,1.7491823729675303e-16,3.662151130047476e-16,4.517999670900636e-16
347,1.7204485967003447e-16,3.661924258922291e-16,4.44104807283477e-16
348,1.6757150502538441e-16,3.5805314614056896e-16,4.3858556181830546e-16
349,1.654093990634091e-16,3.4942547113055864e-16,4.327909472291031e-16
350,1.6069633513170375e-16,3.4424748999121325e-16,4.2149109554037724e-16
351,1.5636854225685274e-16,3.3703960086260005e-16,4.0902562343098086e-16
352,1.541916372760962e-16,3.2724508454559303e-16,4.0834563128644426e-16
353,1.5351411933499719e-16,3.256705551998862e-16,3.991065434107849e-16
354,1.514523678087208e-16,3.064332175551493e-16,3.8789792410759413e-16
355,1.4855039302129508e-16,3.050161073408185e-16,3.8137940517740664e-16
356,1.4598752574755335e-16,3.0682165568915113e-16,3.6980078142456745e-16
357,1.464544532999053e-16,2.9780397021606644e-16,3.664723697161671e-16
358,1.4242374301053943e-16,3.0030146226499996e-16,3.655825777403033e-16
359,1.3663090639558926e-16,2.9260492396916347e-16,3.5202747461632323e-16
360,1.3580335668115715e-16,2.8525875914210686e-16,3.524386553446779e-16
361,1.3183586446800788e-16,2.7610867446327403e-16,3.356309830802873e-16
362,1.3063804188990365e-16,2.7264026564860487e-16,3.3598553027640313e-16
363,1.2947178524578067e-16,2.7757863982329907e-16,3.245541596471474e-16
364,1.264030653031715e-16,2.6287666330939915e-16,3.1870529738214913e-16
365,1.2589089461684072e-16,2.5330750904580324e-16,3.1310899761029247e-16
366,1.2554121463967912e-16,2.494410282678078e-16,3.0006401983417863e-16
367,1.226209570908809e-16,2.4441912346928956e-16,3.0808713774241327e-16
368,1.1869630293401092e-16,2.4054240625927954e-16,2.9265005827353035e-16
369,1.17790446348175e-16,2.3534530731389798e-16,2.9432353658431775e-16
370,1.144894983513313e-16,2.3824158965424573e-16,2.7895427174746974e-16
371,1.1378550365975273e-16,2.36797888685577e-16,2.78386709955461e-16
372,1.0777722011510484e-16,2.3032762466873583e-16,2.7276650506231906e-16
373,1.0793666139988917e-16,2.226956084619598e-16,2.7249289033977333e-16
374,1.0921182334571594e-16,2.220227712245587e-16,2.651241681337485e-16
375,1.053163540587314e-16,2.194089014820322e-16,2.6174142457729976e-16
376,1.0307654155464371e-16,2.1419386413276333e-16,2.5693058921215373e-16
377,1.0192891567424937e-16,2.064356838018741e-16,2.513311833287485e-16
378,1.0190598455331498e-16,2.075317570000498e-16,2.435478906076538e-16
379,9.962739828664123e-17,1.935912940467799e-16,2.3471069696447137e-16
380,9.94995198834621e-17,1.938668671776743e-16,2.425028618524561e-16
381,9.699014599496257e-17,1.941465340903059e-16,2.350399167062173e-16
382,9.548013329154471e-17,1.9082425170603712e-16,2.335786293324732e-16
383,9.19602337750257e-17,1.8726224913015456e-16,2.243079033549533e-16
384,9.150347902251582e-17,1.8269584657268358e-16,2.196771040158252e-16
385,9.12108771559516e-17,1.7895945800452258e-16,2.1236243409362978e-16
386,8.967742194106004e-17,1.7546334119822315e-16,2.1858739073336855e-16
387,9.046569135993942e-17,1.7041058220307676e-16,2.177914672604059e-16
388,8.646389189573973e-17,1.646131364275473e-16,2.1165873349583698e-16
389,8.627516942813844e-17,1.669693105100373e-16,2.0432918237840716e-16
390,8.212628955267706e-17,1.616984341356112e-16,2.0462265511479733e-16
391,8.2628107709367e-17,1.5808526327735703e-16,2.0009955498008493e-16
392,8.184713824800106e-17,1.5844021898471854e-16,1.9401884399812555e-16
393,7.989346381405243e-17,1.5315668389030008e-16,1.9183799341501719e-16
394,7.770940544851029e-17,1.5063361348275144e-16,1.8950184030169792e-16
395,7.70575968307534e-17,1.4815686722648854e-16,1.9066730401438855e-16
396,7.61740770354076e-17,1.4765629269622436e-16,1.8243729454948953e-16
397,7.426393586920483e-17,1.41778859861965e-16,1.7926809531866593e-16
398,7.387753686487544e-17,1.3755391391019265e-16,1.7917865496180908e-16
399,7.138728327885265e-17,1.3918960933773443e-16,1.7014090101241662e-16
400,7.146381053851209e-17,1.3663496749478924e-16,1.6337215871450874e-16
401,7.221142809387545e-17,1.3767619120629363e-16,1.6583566368882918e-16
402,7.011770824091532e-17,1.327328210370092e-16,1.6325224235815007e-16
403,6.945888371525169e-17,1.246931241787562e-16,1.6049926694662596e-16
404,6.744553253923945e-17,1.2675076701490833e-16,1.5723805698759917e-16
405,6.545622630842879e-17,1.2217812870472452e-16,1.5490196861936424e-16
406,6.589177023942801e-17,1.2400337755721914e-16,1.5254665623916366e-16
407,6.309013498113567e-17,1.194272452592106e-16,1.4802814496221729e-16
408,6.278854098838716e-17,1.189554608167949e-16,1.4696448298531784e-16
409,6.391931759446196e-17,1.1623307985741613e-16,1.444558311712585e-16
410,6.132125589105795e-17,1.143086875184454e-16,1.4560276887648496e-16
411,6.102416365951284e-17,1.1238304489496338e-16,1.3865551104705334e-16
412,6.003118900818096e-17,1.0767067140345436e-16,1.3732822586390305e-16
413,5.807556831233067e-17,1.091663108348552e-16,1.36009863773226e-16
414,5.76771011867594e-17,1.0837352497740718e-16,1.3085742502499944e-16
415,5.570029524841653e-17,1.0386178568950675e-16,1.3078962279727826e-16
416,5.608043956170998e-17,1.0094412232972141e-16,1.267302005066029e-16
417,5.595346333374038e-17,1.0153005147303315e-16,1.2625723272152724e-16
418,5.5204834705510983e-17,9.798583497080613e-17,1.2262719395091103e-16
419,5.454175413485175e-17,9.618897490789453e-17,1.2249826069794803e-16
420,5.330427894781678e-17,9.387794199372524e-17,1.198694277764617e-16
421,5.3753887260246313e-17,9.538764499930283e-17,1.195579618303716e-16
422,5.196654488575162e-17,9.368449447634541e-17,1.1803707032007063e-16
423,5.124211300668383e-17,9.106706193116182e-17,1.1637035827981313e-16
424,5.099230205012767e-17,8.94639558977374e-17,1.1486266638105481e-16
425,5.0896417624467925e-17,8.813197029987689e-17,1.126237698975685e-16
426,4.913244980890228e-17,8.893256399902447e-17,1.097202718670226e-16
427,4.8800393485058664e-17,8.534841275682075e-17,1.1160674429668006e-16
428,4.75226689787816e-17,8.318401354262539e-17,1.0697396972021712e-16
429,4.601801640970529e-17,8.120326826883615e-17,1.0732581272286657e-16
430,4.736587429893767e-17,8.11348096240068e-17,1.0490840159464721e-16
431,4.642623464834461e-17,8.228219077477395e-17,1.0246285259141176e-16
432,4.567329684392226e-17,7.78210381967813e-17,1.0376091278407886e-16
433,4.458773131101393e-17,7.713722609782246e-17,1.0072407434121023e-16
434,4.424305151420025e-17,7.584127335938385e-17,9.830444075917267e-17
435,4.318271762007546e-17,7.529255437368349e-17,9.716120224385894e-17
436,4.352987157435658e-17,7.47032102664004e-17,9.636468825749424e-17
437,4.2761873683292916e-17,7.261338739340124e-17,9.527355095684254e-17
438,4.160676093981596e-17,7.21256009353008e-17,9.335800222123881e-17
439,4.1104532945597514e-17,7.166036493505557e-17,9.38856510545455e-17
440,4.1127034188914036e-17,6.937266936362166e-17,9.04930166828466e-17
441,4.0435507545674016e-17,6.876109526262471e-17,8.970790197904144e-17
442,3.941003494990249e-17,6.788207843055894e-17,9.02771856679807e-17
443,3.9236432274828565e-17,6.570994968407158e-17,8.788122829832269e-17
444,3.8186112467659274e-17,6.520045453687132e-17,8.598645502080892e-17
445,3.8503750958950034e-17,6.379932256193184e-17,8.845226088100012e-17
446,3.6853996131409886e-17,6.34213138314514e-17,8.57120230454006e-17
447,3.689443269475242e-17,6.215058777668882e-17,8.531099633737882e-17
448,3.735452007661705e-17,6.286781828205786e-17,8.246389574459446e-17
449,3.681240895304742e-17,6.167572498185642e-17,8.227724301937412e-17
450,3.573166037244488e-17,6.016406138720926e-17,8.079582865597181e-17
451,3.5556750647329846e-17,5.886908708684775e-17,7.864388687703338e-17
452,3.544342898043583e-17,5.911318466094579e-17,7.860940574311303e-17
453,3.5153787906680443e-17,5.740873009725881e-17,7.692603276945876e-17
454,3.367328955503242e-17,5.650360998870827e-17,7.500122403865384e-17
455,3.4240560866727683e-17,5.531937238576271e-17,7.495765859087679e-17
456,3.3587446334089335e-17,5.498741356708275e-17,7.499574895819539e-17
457,3.311948124501418e-17,5.376424135348016e-17,7.382099825349598e-17
458,3.317522808275915e-17,5.252238696211096e-17,7.0982049824031e-17
459,3.235881036768585e-17,5.2384873255352514e-17,7.09613391110253e-17
460,3.2216068387210674e-17,5.134758380371044e-17,7.127709526315308e-17
461,3.11334914166947e-17,5.192570485075196e-17,7.05405475275034e-17
462,3.1685040866426605e-17,5.135543123995293e-17,6.93451645418508e-17
463,3.1166219017532413e-17,4.9880480119512276e-17,6.786625157996495e-17
464,3.047142304651515e-17,4.9883090425060376e-17,6.769995218799953e-17
465,2.998913121855622e-17,4.868741054608189e-17,6.698401318165626e-17
466,2.988095261407045e-17,4.81177409693799e-17,6.593085480240124e-17
467,2.9510242916365794e-17,4.8298097559979635e-17,6.48925429447278e-17
468,2.9379700169180836e-17,4.783940271788772e-17,6.532852345995933e-17
469,2.889902243393556e-17,4.619381474254073e-17,6.478646993393622e-17
470,2.8696814449724606e-17,4.675979462997679e-17,6.36896488576122e-17
471,2.82925706208189e-17,4.628768577995963e-17,6.204214379745832e-17
472,2.796359698784869e-17,4.5436701418769686e-17,6.210751487614742e-17
473,2.7714559725682335e-17,4.461755408347729e-17,6.182127006877647e-17
474,2.765280869079789e-17,4.4382820209212115e-17,6.094589353050628e-17
475,2.7299510709042495e-17,4.423687220162648e-17,6.03146028354401e-17
476,2.7395567568904574e-17,4.246101310435152e-17,5.875808383806747e-17
477,2.651883605040047e-17,4.2268281853687784e-17,5.871241211680145e-17
478,2.6274275836263295e-17,4.2094992138298066e-17,5.957495115768707e-17
479,2.6720550876102594e-17,4.220884194557073e-17,5.777570136547561e-17
480,2.618750297484103e-17,4.15961895081085e-17,5.95464456611128e-17
481,2.6012028430310797e-17,4.0807293010588364e-17,5.700471919674322e-17
482,2.5596735165559636e-17,4.0398658675624975e-17,5.869603013110292e-17
483,2.556707761492555e-17,4.0387731708221157e-17,5.798963480206643e-17
484,2.4783676756548815e-17,4.006162627207682e-17,5.832602323514736e-17
485,2.4405352534988958e-17,3.920855158765988e-17,5.764112285810975e-17
486,2.419935439599945e-17,3.922922216237357e-17,5.907376155814271e-17
487,2.325779466750763e-17,3.9392150695712054e-17,5.677879724684532e-17
488,2.3321820490041992e-17,3.8740222495139284e-17,5.776039548044399e-17
489,2.341129710079805e-17,3.835404468969378e-17,5.797432891703481e-17
490,2.2820246477249853e-17,3.716609040388397e-17,5.863752091245234e-17
491,2.2699838557287138e-17,3.754025104741113e-17,5.742761628076132e-17
492,2.1670887811195763e-17,3.694185396916835e-17,5.714282850545483e-17
493,2.133566857237014e-17,3.542834672793163e-17,5.622156681629743e-17
494,2.134232542348215e-17,3.44030486275175e-17,5.681524070412504e-17
495,2.0561679356162144e-17,3.356458496348025e-17,5.709869224830579e-17
496,2.0250517728838406e-17,3.312100000088178e-17,5.532809112980542e-17
497,2.0254676455847e-17,3.0901717342456113e-17,5.503211276715325e-17
498,1.9820197282374723e-17,3.084358094467693e-17,5.273693502623468e-17
499,1.786446980111059e-17,2.9848238572265093e-17,5.006720823243216e-17
500,1.664475022811196e-17,2.8247014340586354e-17,4.994669200765467e-17
501,1.581792936893728e-17,2.792947849713373e-17,4.698146041128005e-17
502,1.4246503136049197e-17,2.792762621352945e-17,4.658820966958743e-17
503,1.1785101921299794e-17,2.5955225304956364e-17,4.619495892789483e-17
504,1.1362051891656775e-17,2.5005810188293013e-17,4.5408457444509615e-17
505,1.0978883271776931e-17,2.3976341403768308e-17,4.5408457444509615e-17
506,9.847376571461842e-18,2.2520440392907737e-17,4.5408457444509615e-17
507,9.617101592689082e-18,2.1439628336387962e-17,4.5408457444509615e-17
508,9.617101592689082e-18,2.130452682932299e-17,4.5408457444509615e-17
509,9.674670337382273e-18,2.130452682932299e-17,4.5408457444509615e-17
510,9.628615341627721e-18,2.130452682932299e-17,4.5408457444509615e-17
511,9.628615341627721e-18,2.130452682932299e-17,4.5408457444509615e-17
512,9.628615341627721e-18,2.130452682932299e-17,4.5408457444509615e-17
